Rule ID,Rule Name,Category,Severity,Evaluation Criteria,Remediation Guidance
1,Title Block Completeness,Administrative,CRITICAL,"Verify Work Order #, Job #, City, Designer, and Date are populated on all sheets.","Populate all missing title block fields before submittal."
2,Mandatory Signatures & PE Stamp,Administrative,CRITICAL,"Verify California Professional Engineer (P.E.) seal/signature is present where required. Blank box is automatic rejection.","MANDATORY: Submit package to licensed P.E. for digital wet-stamp and seal."
3,As-Built Stamp & Dating,Administrative,CRITICAL,"Confirm official RECORD DRAWING / AS-BUILT stamp is affixed with Foreman signature and date.","Apply official red As-Built stamp, obtain field signature, and record completion date."
4,Sheet Index & Versioning,Administrative,MAJOR,"Verify all sheets listed in cover index exist with matching revision numbers.","Reconcile package sheets against cover index; re-insert missing sheets."
5,Redline Legibility & Standard,Spatial/Visual,MAJOR,"Verify all field changes are drawn in clean red markings with legible callouts.","Redraw field revisions in clean red markings and re-scan at 300+ DPI."
6,North Arrow & Orientation,Spatial/Visual,MINOR,"Confirm plan view drawings display a clear North arrow and graphic scale bar.","Add standard North arrow indicator and graphic bar scale to upper right quadrant."
7,Trench Depth & Cover Compliance,Safety,CRITICAL,"Verify minimum trench cover complies with CPUC GO 128 (min 36 in secondary, 42 in primary).","Document measured trench depth on profile sheets or attach approved variance."
8,Conduit Footage vs. BOM Reconciliation,Material/BOM,CRITICAL,"Compare sum of plan conduit footage against billed linear footage in BOM tally sheet (max variance ±2%).","Reconcile plan conduit footage with final BOM tally sheet before submittal."
9,Conductor Framing & Pole Details,Spatial/Visual,MAJOR,"Check pole height, class, and framing assemblies against utility engineering standards.","Update pole detail callouts to reflect true as-constructed framing configuration."
10,Subsurface Utility Markings (USA 811),Safety,CRITICAL,"Verify active USA 811 locate ticket number and expiration date are recorded.","Record valid USA 811 ticket number, date, and locate clearance notes on general note sheet."
11,Transformer & Equipment Specifications,Material/BOM,MAJOR,"Verify major equipment kVA rating, serial numbers, and mounting match approved design.","Update equipment schedules with exact nameplate kVA rating and manufacturer serial #."
12,Joint-Use Clearances (CPUC GO 95),Safety,CRITICAL,"Verify vertical clearance between power conductors and telecom meets CPUC GO 95 (min 40 inches).","Verify field attachment heights on elevation detail sheet and confirm 40 in separation."
13,GPS & GIS Tie-in Coordinates,Spatial/Visual,MAJOR,"Confirm newly set poles, vaults, and tie-in points include GPS coordinates or surveyor benchmarks.","Add GIS survey coordinates or reference stationing offsets for newly installed facilities."
14,Material Reconciliation & Scrap Tally,Material/BOM,MAJOR,"Verify hardware items shown on print correspond with material return/reconciliation sheet.","True-up installed hardware counts against warehouse requisitions and log unused material."
15,Environmental & Permitting Compliance,Administrative,MAJOR,"Verify environmental protection conditions and municipal encroachment permit numbers are noted.","Include municipal permit number and certified compliance statement for environmental conditions."
16,Field Photo Alignment,Spatial/Visual,MAJOR,"Verify included field photos cross-reference specific drawing sheets, pole numbers, or stationing.","Annotate each field photo with date taken, view orientation, and asset ID."
17,Scope & Circuit Boundary Closure,Safety,CRITICAL,"Confirm newly installed circuit work clearly designates source facility without ambiguous gaps.","Clearly label circuit tie-in boundary, existing device identifier, and phase orientation."
